{
    "rmse": 0.8045916260704176,
    "mse": 0.6473676847426387,
    "mae": 0.5982706370702854
}