{
    "rmse": 0.6858895877677641,
    "mse": 0.4704445266082333,
    "mae": 0.5253548353083999
}